sample_id,target
ID1001187975__Dry_Clover_g,4.7041454
ID1001187975__Dry_Dead_g,2.4160519
ID1001187975__Dry_Green_g,12.983328
ID1001187975__Dry_Total_g,20.103525
ID1001187975__GDM_g,17.687473
