sample_id,target
ID1001187975__Dry_Clover_g,1.8307635
ID1001187975__Dry_Dead_g,22.539862
ID1001187975__Dry_Green_g,25.63968
ID1001187975__Dry_Total_g,50.010303
ID1001187975__GDM_g,27.470444
